INSERT INTO Student (id, name, birthday, groupnumber) VALUES (0001, 'John',   '2001-02-05', 1), (0002, 'Chris',  '2004-05-25', 1),       (0003, 'Carl',   '2000-12-05', 1),       (0004, 'Oliver', '2006-06-12', 2),       (0005, 'James',  '2007-06-07', 2),       (0006, 'Lucas',  '2003-07-03', 2),       (0007, 'Henry',  '2003-06-04', 2),       (0008, 'Jacob',  '2004-08-22', 3),       (0009, 'Logan',  '2005-03-23', 3),       (0010, 'Arman',  '1999-01-16', 4),       (0011, 'Ani',    '2001-11-15', 4),       (0012, 'Karen',  '2002-09-08', 5),       (0013, 'Vahe',   '2003-10-09', 5),       (0014, 'Roxi',   '2003-02-04', 4),       (0015, 'Tallie', '2004-10-09', 5);
INSERT INTO Subject (id, name, grade)VALUES (0001, 'Art', 1),       (0002, 'Music', 1),       (0003, 'Geography', 2),       (0004, 'History', 2),       (0005, 'PE', 3),       (0006, 'Math', 3),       (0007, 'Science', 4),       (0008, 'IT', 4),       (0009, 'Physics', 5),       (0010, 'Biology', 5);
INSERT INTO PaymentType(id, name)VALUES (001, 'DAILY'),       (002, 'WEEKLY'),       (003, 'MONTHLY');
INSERT INTO Payment(id, type_id, amount, student_id, payment_date)VALUES (0001, 002, 500,  0001, '2022-05-04'),       (0002, 003, 1200, 0004, '2022-12-04'),       (0003, 002, 3450, 0007, '2022-09-14'),       (0004, 001, 2100, 0005, '2022-10-12'),       (0005, 002, 2150, 0006, '2022-11-07'),       (0006, 003, 1100, 0008, '2022-12-09'),       (0007, 002, 1500, 0010, '2022-10-17'),       (0008, 001, 1600, 0011, '2022-09-22'),       (0009, 003, 2600, 0013, '2022-12-25'),       (0010, 001, 1700, 0002, '2022-12-02');
INSERT INTO Mark(id, student_id, subject_id, mark)VALUES (0001, 0002, 0001, 8),       (0002, 0004, 0004, 5),       (0003, 0005, 0003, 9),       (0004, 0008, 0006, 4),       (0005, 0009, 0005, 9),       (0006, 0013, 0007, 4),       (0007, 0006, 0010, 3),       (0008, 0010, 0005, 7),       (0009, 0001, 0004, 8),       (0010, 0012, 0002, 7);